<?xml version="1.0" encoding="UTF-8"?>
<beans xmlns="http://www.springframework.org/schema/beans"
	xmlns:xsi="http://www.w3.org/2001/XMLSchema-instance"
	xmlns:jee="http://www.springframework.org/schema/jee"
	xmlns:mvc="http://www.springframework.org/schema/mvc"
	xmlns:p="http://www.springframework.org/schema/p"
	xmlns:context="http://www.springframework.org/schema/context"
	xmlns:beans="http://www.springframework.org/schema/beans"
	xmlns:task="http://www.springframework.org/schema/task"
	xsi:schemaLocation="http://www.springframework.org/schema/jee http://www.springframework.org/schema/jee/spring-jee-4.3.xsd
		http://www.springframework.org/schema/mvc http://www.springframework.org/schema/mvc/spring-mvc-4.3.xsd
		http://www.springframework.org/schema/beans http://www.springframework.org/schema/beans/spring-beans.xsd
		http://www.springframework.org/schema/context http://www.springframework.org/schema/context/spring-context-4.3.xsd
		http://www.springframework.org/schema/task http://www.springframework.org/schema/task/spring-task-4.0.xsd">

<context:annotation-config />
<context:component-scan base-package="lab.spring.youtube" />

<task:annotation-driven />

<!-- mvc추가 -->
<mvc:annotation-driven>
	<mvc:message-converters>
		<bean class="org.springframework.http.converter.json.MappingJackson2HttpMessageConverter"/>
	</mvc:message-converters>
</mvc:annotation-driven>


<!-- ViewResolver 중에서 Jsp를 Resolver로 사용하는 Bean 설정 -->
	<beans:bean id="view Resolver"
	class="org.springframework.web.servlet.view.InternalResourceViewResolver">
	<beans:property name="prefix" value="/WEB-INF/view/" />
	<beans:property name="suffix" value=".jsp" />
	<!-- Controller Bean -->
	</beans:bean>

<!-- sqlSessionFactoryBean에 주입될 DataSource 빈 설정 -->

<!-- JNDI 기반의 설정 예시 -->
<jee:jndi-lookup id="dataSource" jndi-name="jdbc/oracle" resource-ref="true" />
	<beans:bean id="dataSource"
	  class="org.springframework.jdbc.datasource.DriverManagerDataSource"
	  p:driverClassName="oracle.jdbc.OracleDriver"
	  p:url="jdbc:oracle:thin:@70.12.227.216:1521:orcl"
	  p:username="youtube2"
	  p:password="1234" />

	<beans:bean id="sqlSessionFactory" class="org.mybatis.spring.SqlSessionFactoryBean">
	  <beans:property name="dataSource" ref="dataSource" />
	  <beans:property name="mapperLocations" value="classpath*:lab/mybatis/mappers/**/*.xml" />
	</beans:bean>
	
	<beans:bean id="sqlSession" class="org.mybatis.spring.SqlSessionTemplate">
	  <beans:constructor-arg index="0" ref="sqlSessionFactory" />
	</beans:bean>
	
	<beans:bean id="messageSource" class="org.springframework.context.support.ResourceBundleMessageSource">
		<beans:property name="basenames">
			<value>messages.validation</value>
		</beans:property>
	</beans:bean>
	
</beans>