<?xml version="1.0" encoding="UTF-8"?>
<!DOCTYPE mapper
PUBLIC "-//mybatis.org//DTD Mapper 3.0//EN"
"http://mybatis.org/dtd/mybatis-3-mapper.dtd">
<mapper namespace="lab.mybatis.channel.ChannelMapper">

<!-- Select -->
<select id="subscriberTop" resultType="lab.spring.youtube.model.ChannelVO">
	<![CDATA[ select rownum, a.* from (select c.* from channel_info c order by c.tsubscribe desc) a where rownum<=100 ]]> 
</select>

<select id="viewTop" resultType="lab.spring.youtube.model.ChannelVO">
	<![CDATA[ select rownum, a.* from (select c.* from channel_info c order by c.tview desc) a where rownum<=100 ]]> 
</select>

<select id="videoTop" resultType="lab.spring.youtube.model.ChannelVO">
	<![CDATA[ select rownum, a.* from (select c.* from channel_info c order by c.tvideo desc) a where rownum<=100 ]]> 
</select>

<select id="channelInfo" resultType="lab.spring.youtube.model.ChannelVO" parameterType="string">
	select * from channel_info where cid = #{cid} 
</select>

<select id="collectCid" resultType="lab.spring.youtube.model.ChannelVO">
	select cid from channel_info
</select>

<select id="channelRank_all" resultType="java.lang.Integer" parameterType="string">
    SELECT  t.rank
    FROM ( SELECT RANK() OVER(ORDER BY tsubscribe DESC) AS rank, cid
            FROM channel_info ) t
    WHERE cid = #{cid}
</select>

<select id="channelRank_cate" resultType="java.lang.Integer" parameterType="lab.spring.youtube.model.ChannelVO">
    SELECT  t.rank
    FROM ( SELECT RANK() OVER(ORDER BY tsubscribe DESC) AS rank, cid
            FROM channel_info 
            WHERE cate_num = #{cate_num} ) t
    WHERE cid = #{cid}
</select>

<select id="view_sub" resultType="java.lang.Integer" parameterType="lab.spring.youtube.model.ChannelVO">
	SELECT  t.view_sub
    FROM ( SELECT RANK() OVER(ORDER BY nvl(tview/decode(tsubscribe,0, NULL, tsubscribe), 0) DESC) AS view_sub, cid
            FROM channel_info 
            WHERE cate_num = #{cate_num} ) t
    WHERE cid = #{cid}
</select>

<select id="view_video" resultType="java.lang.Integer" parameterType="lab.spring.youtube.model.ChannelVO">
	SELECT  t.view_video
    FROM ( SELECT RANK() OVER(ORDER BY nvl(tview/decode(tvideo,0, NULL, tvideo), 0) DESC) AS view_video, cid
            FROM channel_info 
            WHERE cate_num = #{cate_num} ) t
    WHERE cid = #{cid}
</select>

<select id="sub_video" resultType="java.lang.Integer" parameterType="lab.spring.youtube.model.ChannelVO">
	SELECT  t.sub_video
    FROM ( SELECT RANK() OVER(ORDER BY nvl(tsubscribe/decode(tview,0, NULL, tview), 0) DESC) AS sub_video, cid
            FROM channel_info 
            WHERE cate_num = #{cate_num} ) t
    WHERE cid = #{cid}
</select>

<select id="count_cate" resultType="java.lang.Integer" parameterType="lab.spring.youtube.model.ChannelVO">
	SELECT COUNT(*) FROM channel_info WHERE cate_num = #{cate_num}
</select>

<select id="pastTsubRank" resultType="lab.spring.youtube.model.DateVO">
	 <![CDATA[ select rownum, b.cid from (select d.* from date_info d order by d.tsubscribe desc) b where rownum<=100 and update_day = to_char(sysdate-1, 'YYMMDD') ]]> 
</select>
    
    
<select id="pastTviewRank" resultType="lab.spring.youtube.model.DateVO">
	 <![CDATA[ select rownum, b.cid from (select d.* from date_info d order by d.tview desc) b where rownum<=100 and update_day = to_char(sysdate-1, 'YYMMDD') ]]> 
</select>

    
<select id="pastTvideoRank" resultType="lab.spring.youtube.model.DateVO">
	 <![CDATA[ select rownum, b.cid from (select d.* from date_info d order by d.tvideo desc) b where rownum<=100 and update_day = to_char(sysdate-1, 'YYMMDD') ]]> 
</select>


<!-- Update -->
<update id="currUpdate" parameterType="lab.spring.youtube.model.ChannelVO">
	UPDATE channel_info SET
	tview = #{tview}, tsubscribe = #{tsubscribe}, tvideo = #{tvideo}
	WHERE cid = #{cid}
</update>

<insert id="insertChannel" parameterType="lab.spring.youtube.model.DateVO">
	INSERT INTO date_info (cid, update_day, tview, tsubscribe, tvideo) VALUES ( #{cid}, #{update_day}, #{tview}, #{tsubscribe}, #{tvideo} )
</insert>


<select id="getnegdic" resultType="String" >
   SELECT * FROM PN_DIC WHERE PN_TYPE = -1
</select>

<select id="getposdic" resultType="String" >
   SELECT * FROM PN_DIC WHERE PN_TYPE = 1
</select>


<select id="getdiccnt" parameterType="string" resultType="java.lang.Integer" >
   SELECT COUNT(*) FROM NEU_DIC WHERE WORDS=#{words}
</select>

<insert id="insertDic" parameterType="lab.spring.youtube.model.NeuDicVO">
   INSERT INTO NEU_DIC VALUES(#{words}, #{pos}, #{neg})
</insert>

<update id="updateDicPos" parameterType="String">
   UPDATE NEU_DIC SET POS=(SELECT POS FROM NEU_DIC WHERE WORDS=#{words})+1 WHERE WORDS=#{words}
</update>

<update id="updateDicNeg" parameterType="String">
   UPDATE NEU_DIC SET NEG=(SELECT NEG FROM NEU_DIC WHERE WORDS=#{words})-1 WHERE WORDS=#{words}
</update>


</mapper>