<?xml version="1.0" encoding="UTF-8"?>
<!DOCTYPE mapper
PUBLIC "-//mybatis.org//DTD Mapper 3.0//EN"
"http://mybatis.org/dtd/mybatis-3-mapper.dtd">
<mapper namespace="lab.mybatis.user.UserMapper">


<select id="getYoutuberList" resultType="lab.spring.youtube.model.UserVO">
	select * from user_info
</select>

<select id="login" resultType="lab.spring.youtube.model.UserVO" parameterType="hashmap">
   select u.*, m.grade, m.point from user_info u, membership m where u.user_id=#{user_id} and u.pwd=#{pwd} and u.user_id=m.user_id
</select>

<insert id="addUser" parameterType="lab.spring.youtube.model.UserVO">
	insert all 
	into user_info(user_id, user_name, pwd, cid, category, birth, gender ) values(#{user_id}, #{user_name}, #{pwd}, #{cid}, #{category}, #{birth}, #{gender})
	into membership(user_id, grade, point) values (#{user_id}, 'D', 0) 
	select * from dual
</insert>

<!-- Update point-->
<update id="savePoint" parameterType="hashmap">
	UPDATE membership SET
	point=point+to_number(#{point})
	WHERE user_id=#{user_id}
</update>

<select id="checkId" parameterType="String" resultType="java.lang.Integer" >
   select count(*) from user_info where user_id=#{user_id}
</select>

<select id="checkCid" parameterType="String" resultType="java.lang.Integer" >
   select count(*) from user_info where cid=#{cid}
</select>
</mapper>